Design Study 1,,,,,,,,,,,,,,,,,,,,,,,,,,,,,,,,,,,,,,,,,,,,,,,,,,,,,,,,,,,,,,,,,,,,,,,,,,,,,,,,,,,,,,,,,,,,,,,,,,,,,,,,,,,,,,,,,,,,,,,,,,,,,,,,,,,,,,,,,,,,,,,,,,,,,,,,,,,,,,,,,,,,,,,,,,,,,,,,,,,,,,,
Scenarios/Iterations:,118,,,,,,,,,,,,,,,,,,,,,,,,,,,,,,,,,,,,,,,,,,,,,,,,,,,,,,,,,,,,,,,,,,,,,,,,,,,,,,,,,,,,,,,,,,,,,,,,,,,,,,,,,,,,,,,,,,,,,,,,,,,,,,,,,,,,,,,,,,,,,,,,,,,,,,,,,,,,,,,,,,,,,,,,,,,,,,,,,,,,,,
Parameter Constraint or Goal,Format,Unit,Initial Value,Scenario 1,Scenario 2,Scenario 3,Scenario 4,Scenario 5,Scenario 6,Scenario 7,Scenario 8,Scenario 9,Scenario 10,Scenario 11,Scenario 12,Scenario 13,Scenario 14,Scenario 15,Scenario 16,Scenario 17,Scenario 18,Scenario 19,Scenario 20,Scenario 21,Scenario 22,Scenario 23,Scenario 24,Scenario 25,Scenario 26,Scenario 27,Scenario 28,Scenario 29,Scenario 30,Scenario 31,Scenario 32,Scenario 33,Scenario 34,Scenario 35,Scenario 36,Scenario 37,Scenario 38,Scenario 39,Scenario 40,Scenario 41,Scenario 42,Scenario 43,Scenario 44,Scenario 45,Scenario 46,Scenario 47,Scenario 48,Scenario 49,Scenario 50,Scenario 51,Scenario 52,Scenario 53,Scenario 54,Scenario 55,Scenario 56,Scenario 57,Scenario 58,Scenario 59,Scenario 60,Scenario 61,Scenario 62,Scenario 63,Scenario 64,Scenario 65,Scenario 66,Scenario 67,Scenario 68,Scenario 69,Scenario 70,Scenario 71,Scenario 72,Scenario 73,Scenario 74,Scenario 75,Scenario 76,Scenario 77,Scenario 78,Scenario 79,Scenario 80,Scenario 81,Scenario 82,Scenario 83,Scenario 84,Scenario 85,Scenario 86,Scenario 87,Scenario 88,Scenario 89,Scenario 90,Scenario 91,Scenario 92,Scenario 93,Scenario 94,Scenario 95,Scenario 96,Scenario 97,Scenario 98,Scenario 99,Scenario 100,Scenario 101,Scenario 102,Scenario 103,Scenario 104,Scenario 105,Scenario 106,Scenario 107,Scenario 108,Scenario 109,Scenario 110,Scenario 111,Scenario 112,Scenario 113,Scenario 114,Scenario 115,Scenario 116,Scenario 117,Scenario 118,,,,,,,,,,,,,,,,,,,,,,,,,,,,,,,,,,,,,,,,,,,,,,,,,,,,,,,,,,,,,,
,,,,Calculated,Calculated,Calculated,Calculated,Calculated,Calculated,Calculated,Calculated,Calculated,Calculated,Calculated,Calculated,Calculated,Calculated,Calculated,Calculated,Calculated,Calculated,Calculated,Calculated,Calculated,Calculated,Calculated,Calculated,Calculated,Calculated,Calculated,Calculated,Calculated,Calculated,Calculated,Calculated,Calculated,Calculated,Calculated,Calculated,Calculated,Calculated,Calculated,Calculated,Calculated,Calculated,Calculated,Calculated,Calculated,Calculated,Calculated,Calculated,Calculated,Calculated,Calculated,Calculated,Calculated,Calculated,Calculated,Calculated,Calculated,Calculated,Calculated,Calculated,Calculated,Calculated,Calculated,Calculated,Calculated,Calculated,Calculated,Calculated,Calculated,Calculated,Calculated,Calculated,Calculated,Calculated,Calculated,Calculated,Calculated,Calculated,Calculated,Calculated,Calculated,Calculated,Calculated,Calculated,Calculated,Calculated,Calculated,Calculated,Estimated,Calculated,Calculated,Calculated,Calculated,Calculated,Calculated,Calculated,Calculated,Calculated,Calculated,Calculated,Calculated,Calculated,Calculated,Calculated,Calculated,Calculated,Calculated,Calculated,Calculated,Calculated,Calculated,Calculated,Calculated,Estimated,Estimated,Estimated,Estimated,Estimated,,,,,,,,,,,,,,,,,,,,,,,,,,,,,,,,,,,,,,,,,,,,,,,,,,,,,,,,,,,,,,
CS Length,,m,0.41,0.41302,0.41162,0.4097,0.3928,0.42442,0.40402,0.47886,0.39713,0.39537,0.40887,0.4679,0.43625,0.40666,0.44215,0.46261,0.48792,0.40745,0.42156,0.41306,0.41373,0.41271,0.40176,0.47723,0.45594,0.40923,0.40297,0.40516,0.43589,0.47967,0.40488,0.50963,0.41123,0.41347,0.39261,0.43861,0.43036,0.45108,0.39309,0.41379,0.44326,0.44259,0.41418,0.40694,0.4119,0.40601,0.44523,0.41289,0.39557,0.40304,0.40903,0.46542,0.41375,0.41011,0.41391,0.42519,0.42967,0.43255,0.42011,0.41143,0.4211,0.45289,0.40829,0.44277,0.47115,0.43343,0.41184,0.41442,0.40718,0.51593,0.43271,0.40798,0.41179,0.42036,0.40837,0.39581,0.47538,0.46122,0.40646,0.40726,0.41265,0.43877,0.40664,0.47379,0.40143,0.41839,0.40148,0.40235,0.41369,0.41096,0.40829,0.42736,0.41318,0.44348,0.42036,0.41294,0.40516,0.45646,0.41201,0.47227,0.40942,0.45864,0.41003,0.40437,0.41248,0.39376,0.41973,0.41006,0.55384,0.40216,0.43629,0.45634,0.4592,0.47172,0.39863,0.41206,0.44684,0.48169,0.43374,,,,,,,,,,,,,,,,,,,,,,,,,,,,,,,,,,,,,,,,,,,,,,,,,,,,,,,,,,,,,,
BB Drop,,m,0.072,0.04835,0.04855,0.04407,0.01059,0.08977,0.0327,0.0325,0.02417,0.01715,0.04733,0.13697,0.04517,0.02672,0.05366,0.04902,0.07307,0.05018,0.08488,0.08785,0.03021,0.07844,0.02291,0.02101,0.02064,0.03336,-0.00468,-0.00808,0.007859,0.05753,0.01019,0.01802,0.02398,0.0811,0.003476,0.001478,0.03247,0.05329,-0.02359,0.0781,0.00027021,0.05108,0.05147,0.04301,0.1191,0.03388,0.09207,0.04226,-0.01494,-0.00384,-0.003,0.13603,0.07172,0.0276,0.04604,0.09387,0.03052,0.05162,0.02218,0.04154,0.05054,0.03267,0.03735,0.12461,0.04615,0.05192,-0.01143,0.0521,0.003985,0.0834,0.0244,0.03674,0.03829,0.05122,0.001179,-0.00531,0.03723,0.0045,0.03606,0.0345,0.0497,0.13463,0.01593,0.04445,-0.01778,0.05434,0.03107,0.00099502,0.02584,0.03148,-0.00944,0.007668,0.03191,0.07133,0.04873,0.03639,0.04355,0.04788,0.07465,0.08385,0.01484,0.05416,0.02184,0.03051,0.08829,0.003108,0.08282,0.01908,0.09846,0.02327,0.1255,0.0516,0.07667,0.08792,0.01508,0.008351,0.03389,0.09082,0.04712,,,,,,,,,,,,,,,,,,,,,,,,,,,,,,,,,,,,,,,,,,,,,,,,,,,,,,,,,,,,,,
Stack,,m,0.5656,0.58281,0.58424,0.5898,0.56307,0.55665,0.57643,0.55585,0.56603,0.56447,0.57575,0.56085,0.58505,0.56499,0.5789,0.59273,0.57167,0.5893,0.57487,0.56763,0.56139,0.55512,0.57311,0.56654,0.56245,0.57941,0.55697,0.55696,0.55351,0.58302,0.55987,0.55897,0.56001,0.57233,0.56368,0.56047,0.56187,0.59127,0.55183,0.56382,0.56125,0.59274,0.58471,0.57187,0.55633,0.57497,0.56945,0.59228,0.56034,0.55845,0.5537,0.56269,0.56377,0.56684,0.58432,0.55901,0.56449,0.58418,0.56858,0.58237,0.57163,0.56372,0.56975,0.55974,0.57294,0.55884,0.55443,0.58939,0.55401,0.56424,0.56277,0.56121,0.55914,0.56625,0.55502,0.56214,0.57915,0.56173,0.57864,0.58086,0.56316,0.55789,0.5595,0.55988,0.5522,0.57511,0.59036,0.55884,0.56411,0.56474,0.55719,0.56075,0.58569,0.5817,0.55717,0.55301,0.58727,0.58931,0.56188,0.56028,0.56135,0.58904,0.56354,0.57491,0.55969,0.56317,0.55933,0.56267,0.56446,0.56954,0.55319,0.55249,0.5635,0.55825,0.56462,0.55737,0.56485,0.57544,0.58659,,,,,,,,,,,,,,,,,,,,,,,,,,,,,,,,,,,,,,,,,,,,,,,,,,,,,,,,,,,,,,
SS E,,m,0.06,0.05048,0.05456,0.05499,0.05394,0.04525,0.05674,0.02404,0.05283,0.05597,0.03935,0.04047,0.05026,0.05443,0.04999,0.05126,0.05008,0.04771,0.04566,0.03911,0.04775,0.04354,0.05756,0.03571,0.03953,0.05163,0.05666,0.05375,0.02717,0.03476,0.05017,0.02052,0.04947,0.04616,0.05457,0.04024,0.03838,0.0527,0.05725,0.04356,0.03971,0.0491,0.05426,0.04448,0.04142,0.05409,0.04759,0.05597,0.06099,0.05774,0.04529,0.03848,0.04902,0.04078,0.05331,0.04172,0.04088,0.05158,0.04288,0.04748,0.03906,0.04197,0.04702,0.04293,0.0533,0.03792,0.04251,0.0449,0.04326,0.0487,0.04526,0.04732,0.03926,0.05118,0.04702,0.05331,0.03846,0.0353,0.05332,0.05334,0.04414,0.04016,0.04893,0.03711,0.04999,0.04496,0.05855,0.05946,0.04684,0.04884,0.05237,0.04449,0.05087,0.04921,0.04069,0.03248,0.04997,0.04603,0.04811,0.04535,0.05526,0.05278,0.05255,0.0563,0.0441,0.05474,0.047,0.04867,0.04721,0.0556,0.03887,0.03985,0.04537,0.03784,0.05384,0.04634,0.04329,0.05043,0.05282,,,,,,,,,,,,,,,,,,,,,,,,,,,,,,,,,,,,,,,,,,,,,,,,,,,,,,,,,,,,,,
ST Angle,,deg,73.50017,73.57365,73.22725,73.30297,72.58995,76.05392,72.76908,72.20442,72.79955,72.51742,73.32556,74.50781,72.59663,72.52562,72.79016,72.78016,72.35354,74.09545,73.47305,74.1785,72.89863,76.8616,72.14523,70.6456,71.43154,72.45128,72.05518,71.86029,72.24762,72.3464,72.61902,70.79746,72.82532,74.01783,72.3139,70.87486,72.74456,72.6329,72.16658,73.66137,70.57747,73.2643,73.14794,73.30293,78.72847,72.84481,73.15247,72.99512,71.32349,72.11064,72.15767,73.72863,73.71051,72.66114,72.62308,76.22034,72.26916,73.03697,71.6586,73.25059,72.9444,72.1092,72.97995,76.48174,72.02367,74.33289,71.51965,74.14715,72.70066,72.05629,72.02321,74.02369,73.70488,73.02747,72.31869,72.00993,71.35276,70.5436,72.99471,72.81587,74.04239,76.90246,72.80464,72.09462,71.99986,73.1704,72.84736,72.13773,72.37996,72.76358,71.46885,71.39132,72.83025,72.93817,73.33089,75.34095,74.47262,72.74816,75.49281,73.01462,72.12985,72.35624,72.53454,72.65401,76.69505,72.31311,75.48483,72.50484,71.74936,72.54548,78.28474,72.99339,72.96806,73.22224,72.54274,72.16954,72.10216,72.42124,72.96063,,,,,,,,,,,,,,,,,,,,,,,,,,,,,,,,,,,,,,,,,,,,,,,,,,,,,,,,,,,,,,
BB OD,,m,0.04,0.03783,0.03865,0.03734,0.03856,0.04066,0.03896,0.04128,0.03933,0.03923,0.03715,0.03945,0.03858,0.03924,0.03834,0.03683,0.03871,0.03769,0.03915,0.03818,0.04046,0.04276,0.03887,0.03942,0.04026,0.03838,0.03993,0.03925,0.03988,0.0359,0.03902,0.03966,0.04399,0.0395,0.03738,0.03949,0.0397,0.03813,0.04105,0.03852,0.03931,0.03686,0.03874,0.03868,0.04256,0.03878,0.03926,0.03687,0.03782,0.03914,0.04119,0.03914,0.03929,0.03807,0.03931,0.04626,0.03908,0.0386,0.03836,0.0376,0.03687,0.04032,0.03849,0.04342,0.03878,0.04756,0.03959,0.03735,0.04025,0.0398,0.04008,0.04326,0.04106,0.03915,0.04018,0.0366,0.03935,0.03924,0.03816,0.03788,0.04027,0.04025,0.03971,0.03991,0.03987,0.03799,0.03753,0.03999,0.03908,0.03918,0.03948,0.03983,0.03608,0.0386,0.04034,0.05409,0.03725,0.03653,0.0402,0.04051,0.04154,0.03832,0.03898,0.03889,0.04376,0.0374,0.04046,0.03874,0.03881,0.03836,0.0467,0.0404,0.0383,0.0465,0.03796,0.04613,0.03982,0.0398,0.03783,,,,,,,,,,,,,,,,,,,,,,,,,,,,,,,,,,,,,,,,,,,,,,,,,,,,,,,,,,,,,,
TT OD,,m,0.02855,0.02934,0.02934,0.0289,0.0294,0.02917,0.02921,0.02912,0.02946,0.0294,0.02969,0.03258,0.03114,0.02965,0.03289,0.03471,0.03485,0.02886,0.03001,0.02999,0.03217,0.02912,0.02929,0.03099,0.03184,0.02939,0.03229,0.03133,0.02929,0.03799,0.0303,0.02907,0.03411,0.02977,0.02886,0.03181,0.02961,0.03301,0.03468,0.03035,0.03199,0.03066,0.02953,0.02948,0.02956,0.02929,0.03204,0.02909,0.02939,0.03116,0.03353,0.0331,0.02971,0.02938,0.02977,0.03249,0.02965,0.03081,0.03007,0.02935,0.03265,0.03145,0.02947,0.03089,0.03261,0.03223,0.03127,0.02941,0.03267,0.03337,0.03172,0.03304,0.03102,0.0298,0.03258,0.02896,0.03096,0.03076,0.02904,0.02901,0.02981,0.0298,0.03137,0.02901,0.03319,0.0308,0.02851,0.03189,0.02987,0.02978,0.0315,0.03216,0.02933,0.0325,0.02899,0.03552,0.02863,0.03493,0.02953,0.02974,0.03262,0.0337,0.0299,0.02925,0.03115,0.02896,0.02937,0.02978,0.03687,0.02913,0.02949,0.02858,0.03329,0.03157,0.02912,0.03519,0.03077,0.03488,0.0307,,,,,,,,,,,,,,,,,,,,,,,,,,,,,,,,,,,,,,,,,,,,,,,,,,,,,,,,,,,,,,
HT OD,,m,0.038,0.04319,0.04259,0.0423,0.04091,0.04231,0.04147,0.04096,0.04072,0.04075,0.04301,0.04344,0.04887,0.04262,0.04649,0.04634,0.04791,0.04163,0.04318,0.04295,0.04424,0.04202,0.04118,0.04318,0.04306,0.04281,0.0425,0.04287,0.04123,0.04673,0.04302,0.04122,0.04305,0.04313,0.04074,0.04307,0.04271,0.04678,0.04173,0.04319,0.04307,0.04377,0.04271,0.0447,0.04272,0.04221,0.04594,0.04257,0.04092,0.04259,0.04272,0.04429,0.0441,0.04519,0.04287,0.04289,0.04397,0.04635,0.04598,0.04425,0.04369,0.0439,0.04529,0.04306,0.04627,0.04218,0.04281,0.04282,0.04272,0.04313,0.0441,0.04275,0.04235,0.04541,0.04293,0.04162,0.0458,0.043,0.04233,0.04226,0.0437,0.04294,0.04308,0.04155,0.04259,0.04389,0.04037,0.04227,0.04507,0.04494,0.04283,0.04319,0.04563,0.0457,0.0418,0.04108,0.04212,0.04639,0.04343,0.04253,0.04266,0.04813,0.04413,0.04164,0.04308,0.04111,0.04275,0.04443,0.0457,0.04165,0.04185,0.04057,0.04529,0.04231,0.04164,0.04258,0.04506,0.04753,0.04571,,,,,,,,,,,,,,,,,,,,,,,,,,,,,,,,,,,,,,,,,,,,,,,,,,,,,,,,,,,,,,
DT OD,,m,0.03655,0.03755,0.0377,0.03728,0.04464,0.04541,0.04086,0.05805,0.04283,0.04366,0.03977,0.04821,0.04154,0.04491,0.0438,0.04205,0.04705,0.03714,0.03976,0.04058,0.05208,0.04646,0.04316,0.05135,0.05432,0.04134,0.0559,0.05736,0.06333,0.05076,0.05187,0.05947,0.0534,0.03983,0.0448,0.05816,0.05206,0.04156,0.06129,0.04216,0.05727,0.03788,0.03809,0.03909,0.04562,0.04101,0.04367,0.03755,0.0519,0.05334,0.06225,0.04736,0.04155,0.0437,0.04107,0.04833,0.04915,0.03982,0.0465,0.03781,0.04422,0.05133,0.04126,0.04582,0.04557,0.05022,0.0641,0.03735,0.06015,0.04792,0.05261,0.04942,0.05153,0.04209,0.05992,0.04773,0.04617,0.05749,0.03922,0.03923,0.04602,0.04592,0.05284,0.04834,0.06275,0.04149,0.03894,0.05245,0.04895,0.04654,0.05846,0.05632,0.03827,0.04285,0.04729,0.0589,0.03706,0.04463,0.04259,0.04622,0.05105,0.04302,0.04717,0.04148,0.04605,0.04545,0.04425,0.04891,0.05222,0.04248,0.04907,0.04934,0.04655,0.0489,0.0438,0.05822,0.04954,0.04592,0.03946,,,,,,,,,,,,,,,,,,,,,,,,,,,,,,,,,,,,,,,,,,,,,,,,,,,,,,,,,,,,,,
CS OD,,N/A,0.01825,0.023599,0.023814,0.024201,0.023703,0.023182,0.023758,0.023316,0.023628,0.023744,0.023069,0.023113,0.023348,0.02345,0.023449,0.023616,0.023206,0.024024,0.023215,0.023104,0.023576,0.023188,0.023684,0.022874,0.023184,0.023325,0.023978,0.02378,0.023721,0.023326,0.023783,0.02326,0.02348,0.023216,0.023422,0.023197,0.023636,0.023424,0.025675,0.02327,0.02304,0.023478,0.023762,0.023211,0.023255,0.023561,0.023285,0.023971,0.023474,0.023804,0.023731,0.023026,0.023352,0.023319,0.023446,0.023205,0.023506,0.023465,0.023047,0.023495,0.023293,0.023317,0.023215,0.023194,0.023216,0.023108,0.023702,0.023318,0.023841,0.022977,0.023433,0.023314,0.02348,0.023355,0.023802,0.023212,0.022918,0.023028,0.023603,0.023645,0.023368,0.023168,0.023756,0.023169,0.024194,0.023327,0.025286,0.023814,0.023534,0.023491,0.023585,0.023333,0.023558,0.023409,0.023325,0.023064,0.023826,0.023441,0.023364,0.022984,0.023501,0.023323,0.023465,0.023698,0.023278,0.023405,0.023268,0.023596,0.022902,0.023568,0.023046,0.022929,0.023317,0.022807,0.023418,0.023433,0.023329,0.022902,0.023563,,,,,,,,,,,,,,,,,,,,,,,,,,,,,,,,,,,,,,,,,,,,,,,,,,,,,,,,,,,,,,
SS OD,,N/A,0.0118,0.014847,0.014054,0.015333,0.013908,0.01352,0.013758,0.013395,0.01367,0.01381,0.016608,0.013646,0.015026,0.013903,0.015731,0.017524,0.015343,0.01416,0.013929,0.014075,0.0136,0.013306,0.013805,0.014152,0.013797,0.014074,0.013749,0.013941,0.01349,0.018214,0.013928,0.013843,0.013352,0.013863,0.014112,0.014061,0.013801,0.014644,0.013433,0.014133,0.01415,0.016101,0.014012,0.014791,0.013247,0.013878,0.013999,0.016062,0.014363,0.013984,0.013421,0.013672,0.014057,0.014601,0.013796,0.013123,0.014079,0.014669,0.014723,0.015847,0.016987,0.013768,0.014135,0.013237,0.017063,0.012938,0.013786,0.014933,0.013448,0.014081,0.013873,0.01325,0.013407,0.014778,0.013574,0.015131,0.014161,0.014128,0.014031,0.014104,0.013655,0.013414,0.013707,0.013959,0.013572,0.015441,0.01393,0.013801,0.014107,0.013944,0.013901,0.013958,0.017984,0.014621,0.013645,0.01228,0.015399,0.018436,0.013802,0.013659,0.013642,0.01472,0.014053,0.013814,0.013364,0.014153,0.013667,0.014097,0.01486,0.013964,0.01286,0.013492,0.014821,0.013004,0.01406,0.013249,0.013933,0.013913,0.015431,,,,,,,,,,,,,,,,,,,,,,,,,,,,,,,,,,,,,,,,,,,,,,,,,,,,,,,,,,,,,,
ST OD,,N/A,0.0286,0.031265,0.031505,0.031235,0.031212,0.031158,0.031296,0.031163,0.031362,0.031201,0.031114,0.030649,0.031498,0.031297,0.031242,0.03087,0.031164,0.031257,0.031367,0.031129,0.031679,0.031266,0.031007,0.030989,0.031072,0.031236,0.031163,0.031067,0.031011,0.030436,0.031505,0.031031,0.031596,0.031498,0.030801,0.030794,0.031532,0.031235,0.031226,0.031122,0.030706,0.030813,0.031454,0.031595,0.031296,0.031365,0.031073,0.031048,0.030421,0.031153,0.031206,0.030628,0.031294,0.031374,0.031412,0.031298,0.031484,0.031387,0.031197,0.031225,0.030837,0.031402,0.031543,0.031039,0.031552,0.031185,0.030869,0.031031,0.031475,0.031115,0.031321,0.033014,0.032122,0.031463,0.031318,0.030643,0.031441,0.030737,0.031338,0.031218,0.032188,0.030858,0.031621,0.031185,0.031151,0.031147,0.030901,0.031167,0.031438,0.031593,0.03084,0.030992,0.030894,0.031221,0.031393,0.031279,0.031346,0.030859,0.031627,0.031074,0.031158,0.03141,0.031372,0.031249,0.031552,0.030847,0.031351,0.031399,0.030967,0.031105,0.030783,0.0309,0.030838,0.030843,0.031084,0.031168,0.031458,0.031349,0.031176,,,,,,,,,,,,,,,,,,,,,,,,,,,,,,,,,,,,,,,,,,,,,,,,,,,,,,,,,,,,,,
CS F,,m,0.015,0.0148,0.01479,0.01477,0.01511,0.01493,0.01481,0.01468,0.01502,0.01507,0.01483,0.01486,0.01475,0.01507,0.0148,0.01478,0.01479,0.01484,0.01485,0.01484,0.01499,0.01495,0.01482,0.01479,0.01482,0.01477,0.01598,0.01579,0.01465,0.01477,0.01506,0.01458,0.01545,0.01486,0.01492,0.015,0.01476,0.01476,0.0164,0.01485,0.01506,0.01481,0.01479,0.01484,0.01531,0.01482,0.01483,0.01471,0.01552,0.01585,0.01537,0.01483,0.01485,0.01478,0.01476,0.01529,0.01477,0.01481,0.01484,0.01478,0.0148,0.01482,0.01484,0.01503,0.01478,0.01522,0.01501,0.01484,0.01496,0.01477,0.0149,0.01534,0.01493,0.01485,0.01522,0.01496,0.01476,0.0148,0.01478,0.01476,0.01488,0.01501,0.01504,0.01475,0.01568,0.01481,0.01468,0.01605,0.01487,0.01489,0.01596,0.01522,0.01471,0.01481,0.01483,0.01565,0.01483,0.01481,0.01498,0.01483,0.01581,0.01473,0.01529,0.01481,0.01528,0.01495,0.0149,0.01489,0.01475,0.01484,0.01517,0.01478,0.01484,0.01489,0.01489,0.01576,0.01482,0.0148,0.01476,,,,,,,,,,,,,,,,,,,,,,,,,,,,,,,,,,,,,,,,,,,,,,,,,,,,,,,,,,,,,,
HT LX,,N/A,0.0466,0.048644,0.055709,0.051086,0.048655,0.050605,0.052021,0.050965,0.053098,0.049764,0.044834,0.05554,0.046006,0.053351,0.045078,0.044148,0.045121,0.056233,0.054616,0.047577,0.066607,0.054782,0.048751,0.052269,0.060356,0.04916,0.058594,0.057369,0.055356,0.042005,0.057004,0.046389,0.068627,0.056933,0.045764,0.056328,0.057659,0.045512,0.061059,0.046006,0.05412,0.045369,0.055832,0.046151,0.062528,0.052174,0.051219,0.046623,0.045622,0.055925,0.065835,0.055203,0.048517,0.046588,0.054729,0.070612,0.054751,0.046498,0.047544,0.045849,0.043539,0.063094,0.052026,0.065581,0.043736,0.069004,0.061392,0.048911,0.065724,0.045785,0.061115,0.070053,0.061633,0.045831,0.063843,0.045328,0.052509,0.053844,0.051699,0.049469,0.061713,0.059523,0.061291,0.04431,0.060901,0.045363,0.048813,0.057499,0.056168,0.05778,0.057231,0.058398,0.044294,0.0469,0.047334,0.0765,0.054275,0.043452,0.056,0.049278,0.061439,0.045511,0.055676,0.050899,0.067459,0.045889,0.053116,0.054209,0.044403,0.048141,0.061278,0.043675,0.044891,0.062899,0.047545,0.068478,0.060276,0.056119,0.045343,,,,,,,,,,,,,,,,,,,,,,,,,,,,,,,,,,,,,,,,,,,,,,,,,,,,,,,,,,,,,,
ST UX,,N/A,0.0329,0.029869,0.035988,0.033088,0.022,0.0281,0.034231,0.019228,0.025714,0.026826,0.021051,0.024962,0.036739,0.031826,0.035791,0.03078,0.039726,0.027688,0.032286,0.025385,0.026331,0.024843,0.033308,0.030256,0.025972,0.034805,0.017161,0.014534,0.005106,0.01903,0.018856,0.020778,0.024575,0.032661,0.021962,0.017782,0.024288,0.036074,0.006892,0.027991,0.018648,0.026145,0.035808,0.02903,0.02124,0.033295,0.03472,0.032937,0.019852,0.018316,0.010158,0.024651,0.033273,0.02603,0.038573,0.025985,0.028138,0.035856,0.029055,0.026957,0.022316,0.030442,0.031361,0.027533,0.043482,0.025699,0.007143,0.024247,0.008806,0.044596,0.027611,0.023953,0.020558,0.036752,0.012681,0.019123,0.038551,0.019207,0.033264,0.033686,0.029548,0.022625,0.019729,0.035697,0.006079,0.029749,0.034897,0.021658,0.027823,0.029599,0.014521,0.020994,0.023059,0.035124,0.027442,0.010718,0.027646,0.026908,0.032369,0.037301,0.027138,0.039682,0.027897,0.03384,0.026536,0.022161,0.031367,0.024887,0.041231,0.031162,0.020878,0.028717,0.028467,0.031265,0.026039,0.017892,0.032048,0.043098,0.033077,,,,,,,,,,,,,,,,,,,,,,,,,,,,,,,,,,,,,,,,,,,,,,,,,,,,,,,,,,,,,,
HT UX,,N/A,0.0359,0.032015,0.043906,0.040884,0.033197,0.026371,0.044811,0.026064,0.046697,0.044992,0.027886,0.029887,0.030405,0.035924,0.029409,0.030207,0.028554,0.046451,0.037626,0.030454,0.036426,0.027174,0.046364,0.02986,0.032274,0.031684,0.031849,0.029636,0.024743,0.025146,0.028715,0.024125,0.049899,0.037279,0.030037,0.030021,0.02834,0.03503,0.036245,0.028743,0.030027,0.031599,0.046925,0.027301,0.029877,0.036884,0.031048,0.040303,0.030438,0.029957,0.031766,0.030763,0.029299,0.02496,0.046631,0.045125,0.028081,0.03162,0.027458,0.029451,0.026081,0.033911,0.029169,0.038254,0.025994,0.04029,0.028496,0.034507,0.030027,0.028787,0.03188,0.044431,0.030508,0.028116,0.0306,0.026297,0.030287,0.028615,0.032336,0.031822,0.031259,0.030069,0.030455,0.023947,0.030082,0.029093,0.048227,0.036705,0.029072,0.030352,0.030653,0.031214,0.028525,0.031628,0.025684,0.046088,0.036736,0.028384,0.029816,0.028704,0.048721,0.034482,0.029943,0.041918,0.037489,0.029428,0.028132,0.028043,0.026476,0.033655,0.029076,0.021202,0.026312,0.039199,0.030504,0.05384,0.03123,0.037477,0.03117,,,,,,,,,,,,,,,,,,,,,,,,,,,,,,,,,,,,,,,,,,,,,,,,,,,,,,,,,,,,,,
HT Angle,,deg,73.25,74.07452,74.30043,76.46208,72.31901,71.93343,73.88303,68.71775,73.14134,72.98357,72.16923,71.29304,70.22129,71.62275,70.30098,70.42964,68.44396,78.67896,72.49314,73.37823,71.3255,73.89287,71.89739,67.26347,68.88477,71.47533,71.35275,71.14249,69.87531,69.06564,71.40762,66.01421,71.32333,73.12974,72.96234,68.81929,70.67491,70.09081,71.31401,71.81561,68.41161,71.87089,73.1577,71.71168,78.1737,72.87922,70.82601,73.95494,71.49423,71.36424,70.91214,71.15763,71.75588,70.85498,71.11561,74.0622,70.12303,71.18364,69.56826,72.8797,70.99759,69.71673,71.41693,74.57088,67.89498,71.56385,70.28755,75.4991,71.21732,67.30479,70.13807,71.78785,71.70036,70.68342,71.12243,71.70204,67.82371,67.70565,73.95291,73.47388,71.80001,74.83993,71.46699,67.87458,71.15972,71.47609,77.49735,71.46963,70.78073,71.32922,70.86403,69.74315,71.59772,70.74154,70.99963,71.65093,78.63071,70.33198,73.37126,69.80633,71.18878,69.22531,71.37197,73.27395,75.28769,72.27296,71.95738,71.19852,65.99664,72.99215,74.53328,69.35361,70.11095,70.39918,72.38852,70.71747,69.75613,68.50174,71.18654,,,,,,,,,,,,,,,,,,,,,,,,,,,,,,,,,,,,,,,,,,,,,,,,,,,,,,,,,,,,,,
HT Length,,m,0.1486,0.13483,0.16261,0.16036,0.13754,0.11805,0.17286,0.11014,0.173,0.17316,0.12559,0.12185,0.12848,0.14836,0.12547,0.12804,0.11708,0.16318,0.13577,0.12945,0.13646,0.12076,0.18492,0.12563,0.13302,0.13672,0.13659,0.1316,0.10738,0.11268,0.12762,0.09986,0.1724,0.13575,0.13304,0.12951,0.12187,0.13267,0.14289,0.12518,0.12969,0.13399,0.16884,0.12349,0.12551,0.14911,0.1283,0.16043,0.13552,0.13236,0.13327,0.12401,0.12684,0.11756,0.1715,0.13729,0.12303,0.13254,0.12371,0.12949,0.11898,0.13382,0.12814,0.13242,0.11283,0.13701,0.12538,0.13599,0.12726,0.11516,0.13454,0.15258,0.1285,0.12399,0.1308,0.12373,0.12504,0.1243,0.13702,0.13685,0.13182,0.12437,0.13101,0.10477,0.1308,0.12681,0.19048,0.1471,0.12842,0.13165,0.13437,0.13366,0.12814,0.13092,0.1155,0.1478,0.14152,0.12393,0.12883,0.11957,0.17791,0.13084,0.1316,0.16662,0.13423,0.13147,0.12377,0.12645,0.10485,0.14509,0.12073,0.0997,0.11544,0.1313,0.13374,0.1818,0.1317,0.12947,0.13169,,,,,,,,,,,,,,,,,,,,,,,,,,,,,,,,,,,,,,,,,,,,,,,,,,,,,,,,,,,,,,
ST Length,,m,0.545,0.52749,0.64212,0.67945,0.43493,0.46034,0.50546,0.36736,0.47728,0.46326,0.45369,0.47769,0.46094,0.45733,0.4552,0.45605,0.43123,0.72279,0.53343,0.49089,0.4407,0.46699,0.48515,0.36523,0.38543,0.4766,0.36458,0.34185,0.31966,0.38723,0.38569,0.30042,0.43729,0.53114,0.41917,0.32998,0.41752,0.48103,0.3226,0.47237,0.32579,0.4969,0.65095,0.45281,0.49754,0.49161,0.48135,0.63143,0.369,0.36557,0.34228,0.4821,0.47963,0.40303,0.51044,0.50304,0.41243,0.48957,0.38833,0.47901,0.42511,0.42618,0.45355,0.51518,0.39963,0.47606,0.30082,0.56183,0.35784,0.42755,0.40931,0.46869,0.44638,0.45493,0.35358,0.37123,0.41102,0.31993,0.50131,0.50097,0.48049,0.49323,0.40298,0.38099,0.30892,0.46549,0.67308,0.3915,0.4151,0.4424,0.33731,0.36169,0.45935,0.48363,0.43268,0.43725,0.65514,0.43193,0.48937,0.45112,0.42615,0.46955,0.42261,0.49547,0.5034,0.41072,0.47391,0.40276,0.39463,0.47242,0.47898,0.38556,0.42895,0.47254,0.43843,0.39317,0.42785,0.46599,0.48249,,,,,,,,,,,,,,,,,,,,,,,,,,,,,,,,,,,,,,,,,,,,,,,,,,,,,,,,,,,,,,
BB Length,,m,0.068,0.06752,0.06766,0.0668,0.06723,0.06671,0.06737,0.06871,0.06758,0.06744,0.06715,0.06629,0.0687,0.06826,0.06805,0.06814,0.06862,0.0667,0.06774,0.06689,0.06879,0.06672,0.06739,0.07682,0.07231,0.06778,0.06825,0.06807,0.06814,0.06673,0.06829,0.07538,0.06896,0.06786,0.06636,0.06974,0.06871,0.06845,0.06815,0.06693,0.07109,0.06767,0.06776,0.06792,0.06621,0.06753,0.06767,0.06678,0.06669,0.06817,0.06828,0.06634,0.06745,0.06843,0.06851,0.0675,0.0695,0.06829,0.0706,0.0675,0.06681,0.07157,0.06829,0.06694,0.07023,0.06826,0.06796,0.06739,0.06823,0.07101,0.06957,0.06873,0.06823,0.06824,0.06822,0.06652,0.07689,0.0724,0.06713,0.06701,0.06834,0.06603,0.06844,0.0689,0.06792,0.06746,0.06613,0.06841,0.06883,0.06872,0.06812,0.069,0.067,0.06807,0.06754,0.06788,0.06655,0.06789,0.06762,0.06827,0.06888,0.0689,0.06855,0.0674,0.0674,0.06656,0.06724,0.06847,0.06907,0.0671,0.06621,0.0672,0.06699,0.0684,0.06701,0.06903,0.07141,0.07096,0.0681,,,,,,,,,,,,,,,,,,,,,,,,,,,,,,,,,,,,,,,,,,,,,,,,,,,,,,,,,,,,,,
Dropout Offset,,N/A,0.13,0.130485,0.130154,0.131085,0.12953,0.129445,0.129683,0.141951,0.128785,0.129186,0.130646,0.128226,0.134764,0.131665,0.130512,0.131592,0.134587,0.129766,0.129529,0.129235,0.131585,0.129211,0.129911,0.153068,0.143495,0.133465,0.132853,0.137791,0.142094,0.130172,0.134903,0.15837,0.129773,0.12958,0.13051,0.147694,0.137762,0.130315,0.12967,0.129407,0.149264,0.130331,0.129872,0.132628,0.127603,0.130197,0.129695,0.132099,0.134705,0.135483,0.134261,0.128116,0.129784,0.141178,0.130282,0.127652,0.143078,0.130364,0.146436,0.132125,0.130189,0.139788,0.135342,0.127724,0.141744,0.128494,0.143382,0.13016,0.132101,0.139529,0.139667,0.128624,0.129618,0.133066,0.134871,0.137598,0.14938,0.153217,0.130889,0.132099,0.130027,0.127588,0.131842,0.144646,0.134198,0.130229,0.12977,0.131294,0.140586,0.135758,0.139185,0.142536,0.135594,0.130058,0.132939,0.126882,0.130508,0.131877,0.129788,0.132198,0.130481,0.131842,0.137155,0.129931,0.128109,0.13176,0.129734,0.139244,0.139921,0.130353,0.127599,0.136257,0.129868,0.129134,0.130972,0.130188,0.141583,0.133833,0.131285,,,,,,,,,,,,,,,,,,,,,,,,,,,,,,,,,,,,,,,,,,,,,,,,,,,,,,,,,,,,,,
SSB OD,,N/A,0.016,0.002913,0.003513,0.00254,0.000743,-0.000298,0.002987,-0.0001,0.001238,0.001691,0.000903,0.000246,0.003517,0.0037,0.002835,0.002695,0.00175,0.001769,0.003652,0.001657,0.004452,0.000154,0.002938,0.004486,0.004689,0.003732,0.003687,0.003946,0.000249,-0.001521,0.003025,0.000758,0.004575,0.003648,0.000375,0.00447,0.002746,0.003576,0.002171,0.001356,0.004436,0.002869,0.003735,0.002089,0.000731,0.003196,0.002882,0.002535,0.001269,0.003154,0.004043,0.000675,0.002532,0.002498,0.004181,0.002758,0.003836,0.003776,0.003817,0.002288,-0.000123,0.00484,0.003405,0.002611,0.001793,0.002198,0.003891,0.002346,0.002799,0.00134,0.004968,0.002502,0.001779,0.002647,0.003939,0.000728,0.004345,0.004163,0.003214,0.003289,0.003195,0.000499,0.003285,-0.000378,0.003463,0.002106,0.002428,0.003367,0.004236,0.004014,0.004378,0.004775,0.0015,0.003378,0.00023,-0.000199,0.001583,0.001639,0.002679,0.001222,0.004403,0.003627,0.003963,0.003079,0.002582,0.000659,0.00129,0.003688,-0.000815,0.002613,-0.000443,-0.00333,-0.000056,0.002041,0.001597,0.004625,0.004831,0.003594,0.003345,,,,,,,,,,,,,,,,,,,,,,,,,,,,,,,,,,,,,,,,,,,,,,,,,,,,,,,,,,,,,,
CSB OD,,N/A,0.018,0.006793,0.006679,0.00763,0.003256,0.002959,0.005518,-0.000038,0.00344,0.003793,0.005043,0.004351,0.006807,0.005595,0.005776,0.006848,0.004693,0.005529,0.006032,0.005141,0.004963,0.00262,0.005414,0.004748,0.004471,0.006613,0.00452,0.005066,0.00029,0.003705,0.00467,0.000283,0.004429,0.005902,0.004044,0.004561,0.003675,0.006494,0.002296,0.004911,0.004636,0.007541,0.006418,0.005239,0.004247,0.005873,0.005508,0.008717,0.00445,0.00493,0.003595,0.004492,0.005407,0.005137,0.006319,0.004517,0.00507,0.006715,0.005897,0.006563,0.004423,0.004985,0.006009,0.00524,0.004736,0.003154,0.003928,0.006373,0.003056,0.003571,0.005261,0.003581,0.002817,0.005335,0.004105,0.005069,0.00542,0.004169,0.006607,0.006945,0.004684,0.004628,0.004403,0.001057,0.003699,0.005444,0.006288,0.004509,0.005728,0.005743,0.005116,0.004972,0.008388,0.00606,0.001991,0.000343,0.006465,0.006013,0.005149,0.003454,0.004806,0.00632,0.005992,0.005678,0.004837,0.0043,0.004033,0.005623,0.002694,0.005595,0.002538,-0.000828,0.004141,0.00313,0.004802,0.003638,0.005421,0.00523,0.007105,,,,,,,,,,,,,,,,,,,,,,,,,,,,,,,,,,,,,,,,,,,,,,,,,,,,,,,,,,,,,,
Material,,N/A,6061-T6 (SS)@SOLIDWORKS Materials,6061-T6 (SS)@SOLIDWORKS Materials,AISI 4130 Steel, annealed at 865C@SOLIDWORKS Materials,6061-T6 (SS)@SOLIDWORKS Materials,AISI 4130 Steel, annealed at 865C@SOLIDWORKS Materials,Ti-6Al-4VSolution treated and aged (SS)@SOLIDWORKS Materials,AISI 4130 Steel, annealed at 865C@SOLIDWORKS Materials,Ti-6Al-4VSolution treated and aged (SS)@SOLIDWORKS Materials,AISI 4130 Steel, annealed at 865C@SOLIDWORKS Materials,AISI 4130 Steel, annealed at 865C@SOLIDWORKS Materials,6061-T6 (SS)@SOLIDWORKS Materials,6061-T6 (SS)@SOLIDWORKS Materials,6061-T6 (SS)@SOLIDWORKS Materials,AISI 4130 Steel, annealed at 865C@SOLIDWORKS Materials,6061-T6 (SS)@SOLIDWORKS Materials,6061-T6 (SS)@SOLIDWORKS Materials,6061-T6 (SS)@SOLIDWORKS Materials,6061-T6 (SS)@SOLIDWORKS Materials,6061-T6 (SS)@SOLIDWORKS Materials,6061-T6 (SS)@SOLIDWORKS Materials,AISI 4130 Steel, annealed at 865C@SOLIDWORKS Materials,Ti-6Al-4VSolution treated and aged (SS)@SOLIDWORKS Materials,AISI 4130 Steel, annealed at 865C@SOLIDWORKS Materials,AISI 4130 Steel, annealed at 865C@SOLIDWORKS Materials,AISI 4130 Steel, annealed at 865C@SOLIDWORKS Materials,AISI 4130 Steel, annealed at 865C@SOLIDWORKS Materials,AISI 4130 Steel, annealed at 865C@SOLIDWORKS Materials,AISI 4130 Steel, annealed at 865C@SOLIDWORKS Materials,AISI 4130 Steel, annealed at 865C@SOLIDWORKS Materials,6061-T6 (SS)@SOLIDWORKS Materials,AISI 4130 Steel, annealed at 865C@SOLIDWORKS Materials,AISI 4130 Steel, annealed at 865C@SOLIDWORKS Materials,AISI 4130 Steel, annealed at 865C@SOLIDWORKS Materials,6061-T6 (SS)@SOLIDWORKS Materials,AISI 4130 Steel, annealed at 865C@SOLIDWORKS Materials,AISI 4130 Steel, annealed at 865C@SOLIDWORKS Materials,AISI 4130 Steel, annealed at 865C@SOLIDWORKS Materials,6061-T6 (SS)@SOLIDWORKS Materials,AISI 4130 Steel, annealed at 865C@SOLIDWORKS Materials,6061-T6 (SS)@SOLIDWORKS Materials,AISI 4130 Steel, annealed at 865C@SOLIDWORKS Materials,6061-T6 (SS)@SOLIDWORKS Materials,6061-T6 (SS)@SOLIDWORKS Materials,AISI 4130 Steel, annealed at 865C@SOLIDWORKS Materials,Ti-6Al-4VSolution treated and aged (SS)@SOLIDWORKS Materials,AISI 4130 Steel, annealed at 865C@SOLIDWORKS Materials,6061-T6 (SS)@SOLIDWORKS Materials,6061-T6 (SS)@SOLIDWORKS Materials,AISI 4130 Steel, annealed at 865C@SOLIDWORKS Materials,AISI 4130 Steel, annealed at 865C@SOLIDWORKS Materials,AISI 4130 Steel, annealed at 865C@SOLIDWORKS Materials,6061-T6 (SS)@SOLIDWORKS Materials,6061-T6 (SS)@SOLIDWORKS Materials,AISI 4130 Steel, annealed at 865C@SOLIDWORKS Materials,AISI 4130 Steel, annealed at 865C@SOLIDWORKS Materials,Ti-6Al-4VSolution treated and aged (SS)@SOLIDWORKS Materials,AISI 4130 Steel, annealed at 865C@SOLIDWORKS Materials,6061-T6 (SS)@SOLIDWORKS Materials,AISI 4130 Steel, annealed at 865C@SOLIDWORKS Materials,6061-T6 (SS)@SOLIDWORKS Materials,6061-T6 (SS)@SOLIDWORKS Materials,AISI 4130 Steel, annealed at 865C@SOLIDWORKS Materials,AISI 4130 Steel, annealed at 865C@SOLIDWORKS Materials,Ti-6Al-4VSolution treated and aged (SS)@SOLIDWORKS Materials,6061-T6 (SS)@SOLIDWORKS Materials,Ti-6Al-4VSolution treated and aged (SS)@SOLIDWORKS Materials,AISI 4130 Steel, annealed at 865C@SOLIDWORKS Materials,6061-T6 (SS)@SOLIDWORKS Materials,AISI 4130 Steel, annealed at 865C@SOLIDWORKS Materials,6061-T6 (SS)@SOLIDWORKS Materials,AISI 4130 Steel, annealed at 865C@SOLIDWORKS Materials,AISI 4130 Steel, annealed at 865C@SOLIDWORKS Materials,AISI 4130 Steel, annealed at 865C@SOLIDWORKS Materials,6061-T6 (SS)@SOLIDWORKS Materials,AISI 4130 Steel, annealed at 865C@SOLIDWORKS Materials,AISI 4130 Steel, annealed at 865C@SOLIDWORKS Materials,AISI 4130 Steel, annealed at 865C@SOLIDWORKS Materials,AISI 4130 Steel, annealed at 865C@SOLIDWORKS Materials,AISI 4130 Steel, annealed at 865C@SOLIDWORKS Materials,AISI 4130 Steel, annealed at 865C@SOLIDWORKS Materials,AISI 4130 Steel, annealed at 865C@SOLIDWORKS Materials,6061-T6 (SS)@SOLIDWORKS Materials,AISI 4130 Steel, annealed at 865C@SOLIDWORKS Materials,Ti-6Al-4VSolution treated and aged (SS)@SOLIDWORKS Materials,AISI 4130 Steel, annealed at 865C@SOLIDWORKS Materials,6061-T6 (SS)@SOLIDWORKS Materials,AISI 4130 Steel, annealed at 865C@SOLIDWORKS Materials,AISI 4130 Steel, annealed at 865C@SOLIDWORKS Materials,AISI 4130 Steel, annealed at 865C@SOLIDWORKS Materials,AISI 4130 Steel, annealed at 865C@SOLIDWORKS Materials,AISI 4130 Steel, annealed at 865C@SOLIDWORKS Materials,AISI 4130 Steel, annealed at 865C@SOLIDWORKS Materials,6061-T6 (SS)@SOLIDWORKS Materials,6061-T6 (SS)@SOLIDWORKS Materials,Ti-6Al-4VSolution treated and aged (SS)@SOLIDWORKS Materials,Ti-6Al-4VSolution treated and aged (SS)@SOLIDWORKS Materials,6061-T6 (SS)@SOLIDWORKS Materials,6061-T6 (SS)@SOLIDWORKS Materials,Ti-6Al-4VSolution treated and aged (SS)@SOLIDWORKS Materials,Ti-6Al-4VSolution treated and aged (SS)@SOLIDWORKS Materials,AISI 4130 Steel, annealed at 865C@SOLIDWORKS Materials,6061-T6 (SS)@SOLIDWORKS Materials,AISI 4130 Steel, annealed at 865C@SOLIDWORKS Materials,AISI 4130 Steel, annealed at 865C@SOLIDWORKS Materials,Ti-6Al-4VSolution treated and aged (SS)@SOLIDWORKS Materials,AISI 4130 Steel, annealed at 865C@SOLIDWORKS Materials,Ti-6Al-4VSolution treated and aged (SS)@SOLIDWORKS Materials,AISI 4130 Steel, annealed at 865C@SOLIDWORKS Materials,6061-T6 (SS)@SOLIDWORKS Materials,AISI 4130 Steel, annealed at 865C@SOLIDWORKS Materials,Ti-6Al-4VSolution treated and aged (SS)@SOLIDWORKS Materials,Ti-6Al-4VSolution treated and aged (SS)@SOLIDWORKS Materials,6061-T6 (SS)@SOLIDWORKS Materials,Ti-6Al-4VSolution treated and aged (SS)@SOLIDWORKS Materials,AISI 4130 Steel, annealed at 865C@SOLIDWORKS Materials,AISI 4130 Steel, annealed at 865C@SOLIDWORKS Materials,AISI 4130 Steel, annealed at 865C@SOLIDWORKS Materials,6061-T6 (SS)@SOLIDWORKS Materials,6061-T6 (SS)@SOLIDWORKS Materials
SSB Offset,,N/A,0.33,0.330538,0.330333,0.330296,0.328144,0.330216,0.329389,0.32714,0.328774,0.328538,0.332688,0.331621,0.330208,0.329021,0.331668,0.332326,0.332388,0.330327,0.33061,0.333075,0.328686,0.329817,0.32878,0.327994,0.32782,0.329321,0.327691,0.327524,0.326184,0.335769,0.328194,0.326464,0.328345,0.330594,0.327756,0.327146,0.328459,0.330452,0.326536,0.332536,0.327164,0.332137,0.330386,0.330499,0.330418,0.329398,0.331251,0.330227,0.327009,0.327819,0.326898,0.332198,0.331459,0.329225,0.329964,0.329503,0.32872,0.330576,0.328684,0.330552,0.33415,0.328532,0.329583,0.330193,0.330956,0.328741,0.326469,0.331188,0.327083,0.330237,0.328418,0.328783,0.328655,0.33092,0.327275,0.327356,0.329114,0.326957,0.329639,0.329609,0.329625,0.3306,0.32826,0.329014,0.326691,0.332435,0.329714,0.32802,0.328815,0.329218,0.327432,0.327681,0.330189,0.330835,0.329364,0.32735,0.330184,0.333251,0.330502,0.329911,0.328438,0.330427,0.328924,0.329238,0.329936,0.327729,0.33027,0.328609,0.331838,0.328829,0.329733,0.329323,0.332707,0.328936,0.328356,0.32746,0.32881,0.330197,0.330555,,,,,,,,,,,,,,,,,,,,,,,,,,,,,,,,,,,,,,,,,,,,,,,,,,,,,,,,,,,,,,
CSB Offset,,N/A,0.3,0.293041,0.29404,0.263599,0.309557,0.342086,0.299556,0.335567,0.306113,0.306157,0.312484,0.34973,0.319343,0.324601,0.327145,0.296542,0.341408,0.273833,0.324431,0.323772,0.34083,0.339116,0.299847,0.351476,0.345553,0.308712,0.341445,0.343824,0.339642,0.318841,0.342719,0.345505,0.340977,0.327872,0.298894,0.349239,0.3391,0.306389,0.341388,0.331298,0.351966,0.28707,0.296634,0.327115,0.351497,0.307963,0.334241,0.255712,0.310879,0.340228,0.346288,0.336071,0.33516,0.338823,0.310904,0.348101,0.343743,0.315434,0.346448,0.296696,0.320642,0.342994,0.327699,0.349516,0.342492,0.343682,0.346695,0.290098,0.346208,0.349674,0.343977,0.337156,0.339108,0.335439,0.34627,0.309812,0.34786,0.350335,0.295591,0.289176,0.337592,0.354201,0.342521,0.339549,0.347258,0.322844,0.255108,0.335917,0.343197,0.336776,0.345525,0.347071,0.267706,0.322342,0.33563,0.338212,0.266689,0.304055,0.339168,0.342269,0.338239,0.311456,0.336242,0.302895,0.347421,0.304353,0.340127,0.342946,0.361695,0.302592,0.347236,0.338395,0.343404,0.345647,0.308731,0.344363,0.343882,0.338332,0.300745,,,,,,,,,,,,,,,,,,,,,,,,,,,,,,,,,,,,,,,,,,,,,,,,,,,,,,,,,,,,,,
SS Z,,N/A,0.009,0.009237,0.009092,0.00904,0.00966,0.010219,0.009286,0.010459,0.009189,0.009679,0.011158,0.011278,0.009373,0.009913,0.010644,0.010745,0.011712,0.00909,0.009864,0.010997,0.009532,0.009536,0.010024,0.012701,0.011614,0.009548,0.010757,0.011023,0.009886,0.013817,0.010021,0.012343,0.009806,0.009656,0.010177,0.012278,0.009557,0.009659,0.010552,0.010941,0.012703,0.010256,0.009118,0.009406,0.00977,0.009287,0.010265,0.009052,0.011459,0.010872,0.010418,0.011297,0.010054,0.009394,0.009434,0.009111,0.010318,0.009443,0.010898,0.009552,0.012254,0.010715,0.009194,0.009658,0.011562,0.009126,0.011153,0.009925,0.009709,0.012079,0.01081,0.009027,0.009062,0.010035,0.010248,0.010625,0.011629,0.012721,0.009133,0.009208,0.009091,0.01067,0.009667,0.011816,0.010697,0.010882,0.009263,0.010746,0.010217,0.009712,0.011396,0.011594,0.009498,0.01016,0.009902,0.009077,0.009057,0.011742,0.009392,0.010771,0.010577,0.00987,0.010186,0.009461,0.009104,0.010207,0.009835,0.010094,0.013619,0.009699,0.009755,0.011939,0.011878,0.009858,0.009837,0.010649,0.010721,0.010899,0.009515,,,,,,,,,,,,,,,,,,,,,,,,,,,,,,,,,,,,,,,,,,,,,,,,,,,,,,,,,,,,,,
SS Thickness,,N/A,0.000799,0.003143,0.003031,0.002922,0.00171,0.00291,0.002495,0.001474,0.002353,0.002141,0.004031,0.007111,0.002617,0.00213,0.003702,0.006208,0.003464,0.004006,0.004465,0.005307,0.002437,0.002779,0.002016,0.001589,0.002016,0.002098,0.001765,0.001512,0.001104,0.00714,0.00161,0.000836,0.00271,0.003884,0.001311,0.001526,0.001873,0.003911,0.001655,0.004536,0.001394,0.006245,0.003339,0.002535,0.004544,0.00236,0.004456,0.002814,0.000815,0.001493,0.002033,0.007261,0.00338,0.001396,0.002779,0.004857,0.001744,0.003167,0.00139,0.002944,0.005249,0.002273,0.002099,0.005993,0.002556,0.003366,0.001484,0.005445,0.001875,0.002877,0.00218,0.002721,0.002379,0.002844,0.001922,0.000741,0.001975,0.00129,0.002396,0.002298,0.002661,0.006416,0.001919,0.00181,0.001602,0.0042,0.002668,0.001818,0.001852,0.002035,0.001561,0.001831,0.002689,0.004239,0.002171,0.003056,0.002896,0.006236,0.002997,0.002895,0.002316,0.003213,0.001868,0.002322,0.003974,0.001255,0.002933,0.001645,0.003046,0.001946,0.004064,0.002011,0.004705,0.00364,0.001651,0.002569,0.002131,0.003478,0.003173,,,,,,,,,,,,,,,,,,,,,,,,,,,,,,,,,,,,,,,,,,,,,,,,,,,,,,,,,,,,,,
CS Thickness,,N/A,0.002925,0.005622,0.006328,0.009732,0.005603,0.00214,0.005816,0.002206,0.005802,0.00601,0.002709,0.001991,0.002411,0.002815,0.002351,0.00312,0.002203,0.010332,0.00285,0.002529,0.002383,0.002272,0.004798,0.001707,0.001935,0.002869,0.002637,0.002345,0.002079,0.001807,0.002402,0.002114,0.002446,0.002763,0.006696,0.001647,0.002175,0.002748,0.002902,0.002194,0.001516,0.005942,0.005588,0.002284,0.002256,0.004121,0.002295,0.00885,0.003931,0.002667,0.002276,0.002042,0.002234,0.001673,0.002828,0.002454,0.002017,0.002789,0.001669,0.004138,0.002158,0.002134,0.002276,0.002389,0.002077,0.002332,0.001976,0.007029,0.002406,0.002483,0.002084,0.002515,0.002306,0.00211,0.002346,0.003118,0.001913,0.001544,0.005208,0.005308,0.002331,0.002065,0.002443,0.002149,0.002366,0.002519,0.01149,0.002817,0.002041,0.002227,0.002119,0.001873,0.005397,0.002583,0.002191,0.002288,0.01022,0.002821,0.002333,0.002355,0.002485,0.00254,0.002333,0.005105,0.002509,0.005629,0.002241,0.002138,0.002192,0.005046,0.00226,0.002042,0.001783,0.002344,0.004544,0.002197,0.002085,0.002369,0.003106,,,,,,,,,,,,,,,,,,,,,,,,,,,,,,,,,,,,,,,,,,,,,,,,,,,,,,,,,,,,,,
TT Thickness,,N/A,0.003445,0.00268,0.002623,0.002246,0.002204,0.00307,0.002519,0.002428,0.002218,0.0022,0.002909,0.005673,0.003002,0.002936,0.003168,0.002707,0.004233,0.002319,0.003575,0.003979,0.002908,0.002931,0.00244,0.00281,0.002759,0.003027,0.002725,0.002939,0.002304,0.004028,0.002931,0.002257,0.00275,0.003662,0.002319,0.002794,0.002883,0.002794,0.002223,0.00403,0.00282,0.002771,0.002708,0.003047,0.003854,0.002771,0.004603,0.002208,0.002456,0.002842,0.002605,0.005948,0.003802,0.003942,0.002983,0.003777,0.003055,0.002959,0.003707,0.002687,0.003343,0.0029,0.00409,0.005032,0.003032,0.002896,0.002719,0.002763,0.002554,0.003258,0.00295,0.002684,0.002771,0.003286,0.002756,0.002817,0.00305,0.002712,0.002779,0.002762,0.003188,0.005111,0.002839,0.002712,0.002696,0.003155,0.001968,0.002644,0.003162,0.003259,0.002917,0.002893,0.002276,0.003145,0.002867,0.002131,0.002275,0.002787,0.003696,0.003162,0.002771,0.00287,0.003291,0.002587,0.003903,0.002458,0.003181,0.003252,0.004169,0.002597,0.003116,0.002532,0.004516,0.003131,0.002591,0.00253,0.003019,0.004626,0.00271,,,,,,,,,,,,,,,,,,,,,,,,,,,,,,,,,,,,,,,,,,,,,,,,,,,,,,,,,,,,,,
BB Thickness,,m,0.00955,0.002395,0.002191,0.001319,0.001486,0.007351,0.001855,0.004691,0.00196,0.001631,0.003008,0.009563,0.004255,0.002368,0.005151,0.002877,0.009508,0.001576,0.00374,0.004195,0.003108,0.006096,0.001489,0.003215,0.002958,0.002309,0.001613,0.001461,0.002699,0.005929,0.00221,0.004761,0.003007,0.00421,0.0008532,0.00209,0.003818,0.002981,0.001212,0.005867,0.002074,0.002423,0.002326,0.00365,0.008195,0.00217,0.006415,0.001151,0.0002572,0.001574,0.002088,0.00861,0.005911,0.003352,0.002707,0.007707,0.003698,0.003114,0.003008,0.002571,0.004709,0.004012,0.003114,0.008473,0.008811,0.006727,0.001612,0.002379,0.002451,0.01101,0.002858,0.004797,0.004478,0.006236,0.002143,0.00093349,0.006793,0.002421,0.001999,0.001827,0.005425,0.009233,0.002526,0.007453,0.001366,0.003896,0.00055976,0.001739,0.002856,0.002991,0.001379,0.002224,0.001903,0.004126,0.00543,0.006153,0.001387,0.003063,0.006153,0.008654,0.00239,0.003902,0.002572,0.001875,0.007182,0.00098522,0.00683,0.002542,0.01375,0.001619,0.008338,0.00812,0.008607,0.008411,0.00153,0.002549,0.003982,0.009455,0.002775,,,,,,,,,,,,,,,,,,,,,,,,,,,,,,,,,,,,,,,,,,,,,,,,,,,,,,,,,,,,,,
HT Thickness,,m,0.008658,0.002807,0.002598,0.002191,0.001278,0.002739,0.00212,0.001305,0.001976,0.001701,0.003026,0.006845,0.002597,0.001896,0.003808,0.003087,0.005216,0.002549,0.003874,0.004464,0.002038,0.002327,0.001607,0.001315,0.001483,0.001919,0.00079419,0.00044471,0.00019473,0.006637,0.001034,0.0007354,0.0021,0.003536,0.00083207,0.00057845,0.001571,0.002834,0.00032067,0.003709,0.00049266,0.00329,0.002695,0.002393,0.003078,0.002145,0.004819,0.001987,7.67E-05,0.00070552,0.00074707,0.007088,0.003103,0.001186,0.002364,0.003496,0.001603,0.002985,0.001345,0.002703,0.004178,0.001995,0.001981,0.005093,0.002801,0.002769,4.84E-05,0.003092,0.00081066,0.005029,0.001688,0.002424,0.00197,0.002831,0.00082788,0.00024532,0.002144,0.00054373,0.002037,0.00184,0.002513,0.005154,0.001369,0.002053,0.0001757,0.003805,0.00156,0.001048,0.001559,0.001891,0.00035508,0.0009856,0.00221,0.003534,0.001889,0.002263,0.00226,0.003692,0.002822,0.003107,0.001631,0.002764,0.001591,0.002026,0.003091,0.00080631,0.002787,0.001291,0.00715,0.00164,0.002904,0.00206,0.005244,0.003147,0.001327,0.001461,0.001969,0.004503,0.002868,,,,,,,,,,,,,,,,,,,,,,,,,,,,,,,,,,,,,,,,,,,,,,,,,,,,,,,,,,,,,,
ST Thickness,,N/A,0.0009,0.002231,0.002813,0.002093,0.002939,0.004218,0.003265,0.005452,0.004946,0.004508,0.00238,0.005815,0.002538,0.003098,0.002873,0.0024,0.003136,0.002627,0.003119,0.00306,0.006128,0.004195,0.003598,0.005496,0.007092,0.002618,0.004193,0.002944,0.004246,0.002938,0.002798,0.005793,0.00932,0.003124,0.002197,0.004919,0.003455,0.002735,0.006808,0.003157,0.004843,0.002356,0.003003,0.002415,0.005961,0.002888,0.003598,0.001946,0.002441,0.002833,0.007046,0.005614,0.003111,0.002378,0.003732,0.007219,0.002953,0.00266,0.002574,0.001994,0.002827,0.006519,0.002512,0.006597,0.002793,0.008083,0.003788,0.00241,0.005596,0.004177,0.005427,0.007654,0.005082,0.002926,0.00516,0.001539,0.004323,0.004754,0.002433,0.0023,0.003546,0.00625,0.003676,0.004031,0.004449,0.002821,0.00259,0.004367,0.002843,0.002907,0.003184,0.005215,0.001335,0.00296,0.003419,0.012266,0.001956,0.002428,0.003181,0.004737,0.007473,0.002824,0.002728,0.003087,0.00551,0.002131,0.003765,0.00258,0.004046,0.002672,0.006779,0.00466,0.003903,0.007466,0.002413,0.011185,0.004803,0.004438,0.002352,,,,,,,,,,,,,,,,,,,,,,,,,,,,,,,,,,,,,,,,,,,,,,,,,,,,,,,,,,,,,,
DT Thickness,,m,0.00055675,0.003189,0.00472,0.00504,0.004733,0.001691,0.00534,0.003066,0.004447,0.004809,0.002419,0.00131,0.003205,0.005899,0.002479,0.002976,0.002017,0.004808,0.003001,0.002277,0.005502,0.002136,0.006703,0.009153,0.007761,0.005733,0.008621,0.009593,0.00512,0.001047,0.007239,0.005737,0.005312,0.002989,0.005743,0.01015,0.004964,0.003433,0.008104,0.001985,0.01093,0.003574,0.005141,0.002912,0.00172,0.004932,0.002338,0.005777,0.009562,0.008759,0.007357,0.001535,0.002311,0.006141,0.005956,0.002495,0.006766,0.003114,0.008069,0.002999,0.001642,0.006488,0.004901,0.002106,0.002458,0.002609,0.009494,0.003683,0.00612,0.002244,0.007155,0.003969,0.003151,0.002542,0.007288,0.007606,0.006967,0.0103,0.004807,0.005237,0.003209,0.001398,0.006317,0.002807,0.008577,0.0024,0.00674,0.008318,0.007061,0.006288,0.01065,0.009088,0.003182,0.002879,0.002743,0.002322,0.00389,0.002493,0.002606,0.002274,0.00778,0.003462,0.007094,0.005376,0.002543,0.005979,0.002172,0.007194,0.001311,0.005547,0.001504,0.00167,0.001345,0.002519,0.005372,0.00656,0.006866,0.002905,0.003159,,,,,,,,,,,,,,,,,,,,,,,,,,,,,,,,,,,,,,,,,,,,,,,,,,,,,,,,,,,,,,
DT Length,,N/A,0.001428,0.695315,0.693409,0.721019,0.629245,0.642468,0.645442,0.635171,0.633273,0.631184,0.644801,0.687016,0.682852,0.64197,0.674455,0.706747,0.702331,0.696483,0.673582,0.65537,0.637709,0.638357,0.641521,0.649605,0.640917,0.65926,0.619619,0.623213,0.622564,0.692743,0.630432,0.638983,0.629262,0.66126,0.633885,0.634192,0.640085,0.711568,0.599193,0.647732,0.635286,0.711367,0.698149,0.644397,0.641939,0.647462,0.68432,0.733535,0.625672,0.6249,0.617639,0.697624,0.647036,0.641122,0.674187,0.643654,0.646118,0.688125,0.64607,0.666185,0.647412,0.645668,0.647392,0.654895,0.664466,0.638927,0.621951,0.697135,0.61903,0.71484,0.641585,0.631241,0.632438,0.647725,0.621991,0.635534,0.682415,0.6393,0.668783,0.677784,0.644604,0.649171,0.629644,0.644231,0.610758,0.653435,0.679408,0.622293,0.644223,0.64423,0.62326,0.634428,0.690222,0.692077,0.638292,0.620118,0.707547,0.680869,0.644942,0.661659,0.628666,0.716436,0.641357,0.645218,0.642912,0.634475,0.644556,0.640241,0.73972,0.643818,0.642829,0.637067,0.659119,0.647468,0.638868,0.620662,0.648538,0.720681,0.691509,,,,,,,,,,,,,,,,,,,,,,,,,,,,,,,,,,,,,,,,,,,,,,,,,,,,,,,,,,,,,,
Min FS 1,Monitor Only,,2.36E-01,9.23E-01,1.69E+00,9.74E-01,2.31E+00,8.91E-01,2.09E+00,4.23E+00,2.17E+00,2.43E+00,9.61E-01,3.37E-01,1.15E+00,2.47E+00,3.65E-01,1.17E+00,3.83E-01,9.08E-01,3.13E-01,3.08E-01,2.94E+00,1.01E+00,2.80E+00,3.16E+00,3.45E+00,2.16E+00,4.15E+00,4.47E+00,4.06E-01,2.95E-01,3.28E+00,3.34E-01,3.61E+00,3.17E-01,2.42E+00,4.42E+00,2.72E+00,3.27E-01,3.05E+00,3.19E-01,4.29E+00,9.85E-01,1.06E+00,1.72E+00,9.35E-01,2.00E+00,3.53E-01,1.04E+00,1.11E+00,3.92E+00,4.66E+00,3.49E-01,3.20E-01,2.45E+00,2.39E+00,1.24E+00,2.71E+00,1.06E+00,2.96E+00,9.45E-01,1.05E+00,2.91E+00,2.06E+00,1.06E+00,1.11E+00,3.70E+00,4.28E+00,8.63E-01,3.98E+00,3.47E-01,3.28E+00,2.54E+00,2.48E+00,1.08E+00,4.27E+00,2.38E+00,2.50E+00,4.21E+00,1.80E+00,1.84E+00,2.08E+00,3.13E-01,3.20E+00,2.80E+00,4.65E+00,3.23E-01,1.93E+00,4.06E+00,2.90E+00,Simulation Eccentric Stiffness (3) fails.,4.82E+00,4.11E+00,9.32E-01,3.54E-01,1.95E+00,2.24E+00,7.92E-01,1.20E+00,1.03E+00,9.89E-01,3.85E+00,3.72E-01,2.81E+00,2.23E+00,1.14E+00,2.49E+00,9.62E-01,3.16E+00,3.02E-01,2.29E+00,9.36E-01,2.66E+00,3.50E-01,1.15E+00,2.31E+00,4.65E+00,2.83E+00,4.32E-01,9.86E-01,,,,,,,,,,,,,,,,,,,,,,,,,,,,,,,,,,,,,,,,,,,,,,,,,,,,,,,,,,,,,,
Max Stress 1,Monitor Only, N/m^2,1.95E+09,2.98E+08,2.72E+08,2.83E+08,1.99E+08,9.29E+08,2.20E+08,1.95E+08,2.12E+08,1.89E+08,2.86E+08,8.17E+08,2.40E+08,1.86E+08,7.54E+08,2.35E+08,7.18E+08,3.03E+08,8.80E+08,8.94E+08,1.57E+08,8.19E+08,1.64E+08,1.45E+08,1.33E+08,2.13E+08,1.11E+08,1.03E+08,1.13E+09,9.34E+08,1.40E+08,1.38E+09,1.28E+08,8.67E+08,1.90E+08,1.04E+08,1.69E+08,8.42E+08,1.51E+08,8.63E+08,1.07E+08,2.79E+08,2.60E+08,2.67E+08,8.85E+08,2.30E+08,7.79E+08,2.65E+08,4.15E+08,1.18E+08,9.87E+07,7.89E+08,8.59E+08,1.88E+08,1.93E+08,6.67E+08,1.70E+08,2.59E+08,1.56E+08,2.91E+08,2.62E+08,1.58E+08,2.24E+08,7.78E+08,2.49E+08,2.24E+08,1.08E+08,3.19E+08,1.16E+08,7.92E+08,1.40E+08,1.81E+08,1.85E+08,2.54E+08,1.08E+08,1.94E+08,1.84E+08,1.09E+08,2.56E+08,2.50E+08,2.21E+08,8.79E+08,1.44E+08,2.96E+08,9.89E+07,8.52E+08,2.39E+08,1.13E+08,1.59E+08,Simulation Eccentric Stiffness (3) fails.,9.54E+07,1.12E+08,2.95E+08,7.78E+08,4.25E+08,3.69E+08,3.47E+08,2.29E+08,8.03E+08,8.37E+08,1.20E+08,7.40E+08,1.64E+08,2.06E+08,7.25E+08,1.85E+08,8.60E+08,1.46E+08,9.12E+08,2.01E+08,8.84E+08,3.11E+08,7.86E+08,7.18E+08,2.00E+08,9.89E+07,1.63E+08,6.37E+08,2.79E+08,,,,,,,,,,,,,,,,,,,,,,,,,,,,,,,,,,,,,,,,,,,,,,,,,,,,,,,,,,,,,,
Min FS 3,Monitor Only,,6.38E-01,7.11E-01,1.26E+00,6.43E-01,1.82E+00,2.60E+00,1.59E+00,4.86E+00,1.66E+00,1.76E+00,8.67E-01,9.72E-01,9.87E-01,2.03E+00,1.06E+00,9.99E-01,1.11E+00,6.71E-01,8.93E-01,8.70E-01,2.82E+00,2.96E+00,1.74E+00,3.22E+00,3.47E+00,1.81E+00,3.73E+00,3.88E+00,4.22E+00,6.27E-01,3.02E+00,3.84E+00,3.08E+00,9.10E-01,8.53E-01,4.24E+00,2.72E+00,9.17E-01,3.56E+00,9.14E-01,4.31E+00,7.83E-01,7.71E-01,1.55E+00,2.71E+00,1.66E+00,1.00E+00,5.65E-01,9.37E-01,3.47E+00,4.58E+00,9.98E-01,9.21E-01,2.22E+00,1.79E+00,3.69E+00,2.59E+00,8.80E-01,2.62E+00,7.95E-01,9.86E-01,2.94E+00,1.83E+00,3.14E+00,1.12E+00,3.79E+00,4.30E+00,6.75E-01,4.01E+00,1.02E+00,3.15E+00,2.36E+00,2.43E+00,9.74E-01,4.15E+00,1.96E+00,2.45E+00,4.28E+00,1.46E+00,1.46E+00,1.93E+00,9.30E-01,3.03E+00,3.57E+00,4.00E+00,9.25E-01,1.14E+00,3.45E+00,2.63E+00,Simulation Eccentric Stiffness (3) fails.,3.62E+00,3.86E+00,7.23E-01,9.94E-01,3.47E+00,4.91E+00,5.93E-01,1.10E+00,2.98E+00,2.95E+00,3.04E+00,1.05E+00,2.49E+00,1.72E+00,3.33E+00,1.17E+00,2.80E+00,2.86E+00,8.57E-01,1.85E+00,2.76E+00,2.89E+00,1.03E+00,3.52E+00,1.91E+00,3.86E+00,2.76E+00,1.24E+00,8.10E-01,,,,,,,,,,,,,,,,,,,,,,,,,,,,,,,,,,,,,,,,,,,,,,,,,,,,,,,,,,,,,,
Max Stress 3,Monitor Only, N/m^2,7.21E+08,3.87E+08,3.66E+08,4.27E+08,2.53E+08,3.19E+08,2.90E+08,1.70E+08,2.78E+08,2.62E+08,3.17E+08,2.83E+08,2.79E+08,2.27E+08,2.61E+08,2.75E+08,2.47E+08,4.10E+08,3.08E+08,3.16E+08,1.63E+08,2.80E+08,2.65E+08,1.43E+08,1.33E+08,2.54E+08,1.23E+08,1.19E+08,1.09E+08,4.38E+08,1.53E+08,1.20E+08,1.49E+08,3.02E+08,5.39E+08,1.08E+08,1.69E+08,3.00E+08,1.29E+08,3.01E+08,1.07E+08,3.51E+08,3.57E+08,2.98E+08,3.06E+08,2.77E+08,2.75E+08,4.87E+08,4.91E+08,1.33E+08,1.01E+08,2.76E+08,2.98E+08,2.07E+08,2.58E+08,2.25E+08,1.77E+08,3.12E+08,1.75E+08,3.46E+08,2.79E+08,1.57E+08,2.51E+08,2.64E+08,2.45E+08,2.19E+08,1.07E+08,4.07E+08,1.15E+08,2.71E+08,1.46E+08,1.95E+08,1.90E+08,2.82E+08,1.11E+08,2.35E+08,1.88E+08,1.08E+08,3.14E+08,3.16E+08,2.38E+08,2.96E+08,1.52E+08,2.32E+08,1.15E+08,2.97E+08,4.04E+08,1.33E+08,1.75E+08,Simulation Eccentric Stiffness (3) fails.,1.27E+08,1.19E+08,3.81E+08,2.77E+08,2.39E+08,1.69E+08,4.64E+08,2.50E+08,2.78E+08,2.81E+08,1.51E+08,2.63E+08,1.85E+08,2.68E+08,2.49E+08,3.95E+08,2.95E+08,1.61E+08,3.21E+08,2.48E+08,2.99E+08,2.86E+08,2.66E+08,2.35E+08,2.41E+08,1.19E+08,1.67E+08,2.22E+08,3.40E+08,,,,,,,,,,,,,,,,,,,,,,,,,,,,,,,,,,,,,,,,,,,,,,,,,,,,,,,,,,,,,,
Mass,Monitor Only, kg,4.72,2.49,8.74,3.16,7.18,3.3,8.23,3.76,8.04,8.04,2.06,2.81,2.26,7.78,2.36,2.68,2.64,3.28,2.5,2.31,8.88,3.4,8.6,10.07,10.12,7.4,9.84,10.11,7.59,2.55,8.37,8.41,9.54,2.43,7.51,10.89,7.54,2.53,10.18,2.2,11.08,2.9,3.13,5.69,3.91,7.47,2.63,3.19,9.27,9.27,10.1,2.93,2.17,7,8.41,4.67,8.21,2.33,8.28,2.19,2.16,9.5,6.94,4.75,2.22,4.43,10.81,2.86,8.87,2.67,9.5,8.44,6.97,2.11,9.65,7.53,9.13,10.78,7.53,7.72,6.82,2.57,8.36,3.51,10.22,2.22,9.94,9.49,8.29,Simulation Eccentric Stiffness (3) fails.,10.82,10.44,2.25,2.49,3.37,4.34,2.85,2.57,3.63,3.89,10.15,2.56,8.2,8,4.3,7.48,3.48,8.16,2.74,7.7,3.78,3.06,2.36,4.48,7.22,10.28,9.13,3.07,2.31,,,,,,,,,,,,,,,,,,,,,,,,,,,,,,,,,,,,,,,,,,,,,,,,,,,,,,,,,,,,,,
Dropout X Displacement,Monitor Only, m,2.92E-02,-1.08E-02,-2.99E-03,-1.02E-02,-1.71E-03,1.67E-02,-1.89E-03,-2.56E-03,-1.73E-03,-1.55E-03,-9.08E-03,2.25E-02,-7.89E-03,-1.44E-03,2.50E-02,-8.27E-03,2.34E-02,-9.90E-03,2.85E-02,2.69E-02,-1.03E-03,1.42E-02,-1.37E-03,-9.44E-04,-8.20E-04,-2.00E-03,-6.18E-04,-5.53E-04,-6.25E-04,2.43E-02,-8.97E-04,-8.22E-04,-8.26E-04,2.70E-02,-1.60E-03,-5.27E-04,-1.20E-03,2.92E-02,-4.57E-04,2.57E-02,-5.26E-04,-1.04E-02,-8.18E-03,-2.87E-03,1.39E-02,-2.07E-03,2.37E-02,-9.49E-03,-7.98E-04,-7.36E-04,-4.84E-04,2.18E-02,2.57E-02,-1.52E-03,-1.84E-03,1.05E-02,-1.17E-03,-8.86E-03,-1.15E-03,-1.03E-02,-7.85E-03,-1.08E-03,-1.96E-03,1.25E-02,-7.42E-03,-3.50E-03,-3.85E-04,-1.04E-02,-6.23E-04,2.52E-02,-8.90E-04,-1.29E-03,-1.46E-03,-7.56E-03,-5.58E-04,-1.18E-03,-1.57E-03,-5.80E-04,-2.61E-03,-2.58E-03,-1.92E-03,2.23E-02,-9.03E-04,-4.35E-03,-4.26E-04,2.74E-02,-2.33E-03,-7.46E-04,-1.10E-03,Simulation Eccentric Stiffness (3) fails.,-4.85E-04,-6.09E-04,-1.12E-02,2.59E-02,-3.94E-03,-2.34E-03,-1.19E-02,-7.39E-03,1.52E-02,1.55E-02,-7.42E-04,2.67E-02,-1.20E-03,-1.83E-03,1.18E-02,-1.50E-03,1.56E-02,-1.08E-03,2.56E-02,-1.81E-03,1.40E-02,-5.43E-03,2.39E-02,1.18E-02,-1.72E-03,-5.41E-04,-1.15E-03,2.09E-02,-9.46E-03,,,,,,,,,,,,,,,,,,,,,,,,,,,,,,,,,,,,,,,,,,,,,,,,,,,,,,,,,,,,,,
Dropout Y Displacement,Monitor Only, m,-6.20E-02,2.09E-02,6.19E-03,2.15E-02,2.97E-03,-3.19E-02,3.68E-03,5.58E-03,3.35E-03,3.01E-03,1.59E-02,-5.29E-02,1.50E-02,2.75E-03,-4.57E-02,1.62E-02,-4.88E-02,2.05E-02,-5.63E-02,-5.18E-02,1.96E-03,-2.63E-02,2.76E-03,2.08E-03,1.74E-03,3.64E-03,1.21E-03,1.17E-03,1.52E-03,-4.51E-02,1.70E-03,2.22E-03,1.71E-03,-5.14E-02,2.77E-03,1.25E-03,2.31E-03,-5.63E-02,9.45E-04,-4.78E-02,1.29E-03,2.05E-02,1.75E-02,5.06E-03,-2.79E-02,3.83E-03,-4.91E-02,2.03E-02,1.53E-03,1.42E-03,1.03E-03,-5.20E-02,-4.74E-02,2.81E-03,3.77E-03,-2.09E-02,2.30E-03,1.73E-02,2.26E-03,1.83E-02,1.40E-02,2.20E-03,3.57E-03,-2.72E-02,1.42E-02,6.86E-03,9.81E-04,2.00E-02,1.24E-03,-5.75E-02,1.79E-03,2.48E-03,2.70E-03,1.42E-02,1.15E-03,2.16E-03,3.26E-03,1.44E-03,4.79E-03,4.78E-03,3.62E-03,-4.81E-02,1.70E-03,8.58E-03,9.62E-04,-4.78E-02,4.92E-03,1.44E-03,2.12E-03,Simulation Eccentric Stiffness (3) fails.,1.08E-03,1.31E-03,2.02E-02,-5.08E-02,7.46E-03,4.59E-03,2.34E-02,1.37E-02,-2.80E-02,-3.19E-02,1.56E-03,-5.23E-02,2.26E-03,3.52E-03,-2.24E-02,2.62E-03,-2.95E-02,2.06E-03,-6.28E-02,3.31E-03,-2.94E-02,1.06E-02,-4.62E-02,-2.45E-02,3.06E-03,1.21E-03,2.31E-03,-4.67E-02,1.82E-02,,,,,,,,,,,,,,,,,,,,,,,,,,,,,,,,,,,,,,,,,,,,,,,,,,,,,,,,,,,,,,
BB X Displacement,Monitor Only, m,3.42E-02,-1.17E-02,-3.23E-03,-1.08E-02,-1.72E-03,2.05E-02,-1.98E-03,-2.97E-03,-1.79E-03,-1.59E-03,-9.80E-03,3.05E-02,-8.53E-03,-1.52E-03,2.84E-02,-8.90E-03,2.74E-02,-1.07E-02,3.50E-02,3.31E-02,-1.12E-03,1.73E-02,-1.42E-03,-1.06E-03,-9.05E-04,-2.11E-03,-6.38E-04,-5.80E-04,-7.56E-04,2.74E-02,-9.50E-04,-1.01E-03,-8.91E-04,3.28E-02,-1.58E-03,-6.02E-04,-1.32E-03,3.33E-02,-4.49E-04,3.07E-02,-6.10E-04,-1.12E-02,-8.91E-03,-3.09E-03,1.84E-02,-2.19E-03,2.92E-02,-1.01E-02,-7.57E-04,-7.55E-04,-5.26E-04,2.97E-02,3.05E-02,-1.66E-03,-2.00E-03,1.33E-02,-1.29E-03,-9.64E-03,-1.27E-03,-1.09E-02,-8.57E-03,-1.19E-03,-2.12E-03,1.68E-02,-8.15E-03,-3.89E-03,-4.36E-04,-1.13E-02,-6.72E-04,3.02E-02,-9.75E-04,-1.41E-03,-1.60E-03,-8.36E-03,-6.04E-04,-1.17E-03,-1.75E-03,-6.75E-04,-2.75E-03,-2.71E-03,-2.13E-03,3.04E-02,-9.63E-04,-4.85E-03,-4.45E-04,3.12E-02,-2.43E-03,-7.66E-04,-1.20E-03,Simulation Eccentric Stiffness (3) fails.,-5.19E-04,-6.76E-04,-1.17E-02,3.06E-02,-4.38E-03,-2.59E-03,-1.27E-02,-7.94E-03,1.82E-02,1.88E-02,-7.88E-04,3.04E-02,-1.28E-03,-1.91E-03,1.46E-02,-1.49E-03,1.90E-02,-1.16E-03,3.13E-02,-1.86E-03,1.89E-02,-6.14E-03,2.82E-02,1.47E-02,-1.76E-03,-5.83E-04,-1.27E-03,2.56E-02,-1.02E-02,,,,,,,,,,,,,,,,,,,,,,,,,,,,,,,,,,,,,,,,,,,,,,,,,,,,,,,,,,,,,,
BB Y Displacement,Monitor Only, m,-3.64E-02,1.22E-02,3.65E-03,1.30E-02,1.63E-03,-1.61E-02,2.14E-03,2.53E-03,1.94E-03,1.75E-03,8.64E-03,-2.76E-02,8.24E-03,1.52E-03,-2.36E-02,9.00E-03,-2.52E-02,1.21E-02,-2.95E-02,-2.73E-02,1.00E-03,-1.32E-02,1.63E-03,9.71E-04,8.26E-04,2.02E-03,5.77E-04,5.24E-04,6.09E-04,-2.30E-02,8.43E-04,8.32E-04,9.21E-04,-2.66E-02,1.51E-03,5.46E-04,1.15E-03,-3.01E-02,3.98E-04,-2.50E-02,5.59E-04,1.18E-02,1.04E-02,2.74E-03,-1.42E-02,2.15E-03,-2.59E-02,1.25E-02,7.39E-04,6.85E-04,4.56E-04,-2.77E-02,-2.46E-02,1.45E-03,2.20E-03,-1.02E-02,1.16E-03,9.71E-03,1.16E-03,1.03E-02,7.44E-03,1.08E-03,1.92E-03,-1.36E-02,7.15E-03,3.49E-03,3.78E-04,1.16E-02,5.63E-04,-2.95E-02,8.95E-04,1.30E-03,1.38E-03,7.61E-03,5.25E-04,1.09E-03,1.64E-03,6.08E-04,2.71E-03,2.74E-03,1.91E-03,-2.44E-02,8.49E-04,4.11E-03,3.86E-04,-2.46E-02,3.00E-03,7.31E-04,1.09E-03,Simulation Eccentric Stiffness (3) fails.,4.77E-04,6.19E-04,1.17E-02,-2.69E-02,3.89E-03,2.32E-03,1.38E-02,7.39E-03,-1.43E-02,-1.57E-02,8.53E-04,-2.79E-02,1.19E-03,2.03E-03,-1.12E-02,1.42E-03,-1.49E-02,1.06E-03,-3.20E-02,1.86E-03,-1.44E-02,5.12E-03,-2.33E-02,-1.15E-02,1.68E-03,6.28E-04,1.16E-03,-2.45E-02,1.03E-02,,,,,,,,,,,,,,,,,,,,,,,,,,,,,,,,,,,,,,,,,,,,,,,,,,,,,,,,,,,,,,
BB Z Displacement,Monitor Only, m,2.09E-03,2.08E-03,6.11E-04,1.95E-03,4.57E-04,1.61E-03,5.03E-04,9.80E-04,4.69E-04,4.52E-04,2.31E-03,3.17E-03,2.21E-03,4.71E-04,2.23E-03,2.38E-03,2.62E-03,1.89E-03,2.33E-03,2.42E-03,3.80E-04,1.33E-03,4.66E-04,4.33E-04,3.69E-04,5.74E-04,2.72E-04,2.62E-04,3.00E-04,3.03E-03,3.43E-04,3.76E-04,3.56E-04,2.21E-03,4.93E-04,2.86E-04,4.24E-04,2.38E-03,2.04E-04,2.37E-03,2.98E-04,2.27E-03,1.81E-03,7.51E-04,1.51E-03,5.39E-04,2.45E-03,2.03E-03,3.85E-04,3.06E-04,2.37E-04,3.04E-03,2.24E-03,5.45E-04,5.74E-04,1.19E-03,4.32E-04,2.34E-03,4.77E-04,2.12E-03,2.40E-03,4.20E-04,6.00E-04,1.54E-03,2.32E-03,1.12E-03,2.12E-04,2.06E-03,2.67E-04,2.72E-03,3.75E-04,4.32E-04,4.71E-04,2.16E-03,2.55E-04,4.50E-04,5.78E-04,3.12E-04,5.82E-04,5.85E-04,5.60E-04,2.86E-03,3.42E-04,1.34E-03,2.13E-04,2.24E-03,5.81E-04,3.11E-04,4.15E-04,Simulation Eccentric Stiffness (3) fails.,2.51E-04,3.03E-04,2.07E-03,2.30E-03,1.18E-03,8.65E-04,2.07E-03,2.26E-03,1.34E-03,1.61E-03,3.40E-04,2.30E-03,4.26E-04,5.01E-04,1.20E-03,4.72E-04,1.45E-03,4.04E-04,3.44E-03,4.98E-04,1.65E-03,1.59E-03,2.90E-03,1.41E-03,4.89E-04,2.89E-04,4.39E-04,2.42E-03,2.32E-03,,,,,,,,,,,,,,,,,,,,,,,,,,,,,,,,,,,,,,,,,,,,,,,,,,,,,,,,,,,,,,
BBR Y Displacement,Monitor Only, m,-1.38E-02,-1.52E-02,-4.66E-03,-1.80E-02,-1.82E-03,-5.66E-03,-2.67E-03,-2.14E-03,-2.41E-03,-2.24E-03,-9.42E-03,-9.83E-03,-9.35E-03,-1.75E-03,-8.48E-03,-1.04E-02,-8.92E-03,-1.54E-02,-1.07E-02,-9.98E-03,-9.92E-04,-4.65E-03,-2.19E-03,-9.09E-04,-7.75E-04,-2.30E-03,-5.93E-04,-5.38E-04,-5.16E-04,-8.26E-03,-8.60E-04,-6.54E-04,-1.02E-03,-9.58E-03,-1.74E-03,-5.34E-04,-1.10E-03,-1.11E-02,-3.93E-04,-9.02E-03,-5.53E-04,-1.44E-02,-1.35E-02,-2.96E-03,-5.03E-03,-2.46E-03,-9.38E-03,-1.81E-02,-8.28E-04,-7.15E-04,-4.32E-04,-9.97E-03,-8.82E-03,-1.53E-03,-2.81E-03,-3.54E-03,-1.15E-03,-1.14E-02,-1.24E-03,-1.18E-02,-8.08E-03,-1.02E-03,-2.08E-03,-4.74E-03,-7.10E-03,-3.26E-03,-3.59E-04,-1.42E-02,-5.23E-04,-1.03E-02,-8.88E-04,-1.33E-03,-1.36E-03,-8.27E-03,-5.08E-04,-1.24E-03,-1.66E-03,-5.71E-04,-3.16E-03,-3.31E-03,-1.97E-03,-8.53E-03,-8.50E-04,-3.69E-03,-3.74E-04,-8.87E-03,-4.17E-03,-7.92E-04,-1.15E-03,Simulation Eccentric Stiffness (3) fails.,-4.92E-04,-6.22E-04,-1.44E-02,-9.83E-03,-3.98E-03,-2.11E-03,-1.74E-02,-8.03E-03,-5.09E-03,-5.42E-03,-1.02E-03,-1.02E-02,-1.26E-03,-2.50E-03,-3.93E-03,-1.62E-03,-5.29E-03,-1.11E-03,-1.10E-02,-2.19E-03,-4.99E-03,-4.70E-03,-8.19E-03,-3.87E-03,-1.91E-03,-7.09E-04,-1.13E-03,-8.76E-03,-1.21E-02,,,,,,,,,,,,,,,,,,,,,,,,,,,,,,,,,,,,,,,,,,,,,,,,,,,,,,,,,,,,,,
BBL Y Displacement,Monitor Only, m,-1.30E-02,-1.44E-02,-4.45E-03,-1.74E-02,-1.67E-03,-5.17E-03,-2.49E-03,-1.91E-03,-2.25E-03,-2.08E-03,-8.64E-03,-9.05E-03,-8.64E-03,-1.60E-03,-7.79E-03,-9.68E-03,-8.19E-03,-1.47E-02,-9.96E-03,-9.20E-03,-8.87E-04,-4.25E-03,-2.04E-03,-7.99E-04,-6.85E-04,-2.12E-03,-5.22E-04,-4.74E-04,-4.49E-04,-7.41E-03,-7.64E-04,-5.68E-04,-9.22E-04,-8.87E-03,-1.58E-03,-4.70E-04,-9.82E-04,-1.03E-02,-3.36E-04,-8.27E-03,-4.84E-04,-1.37E-02,-1.29E-02,-2.71E-03,-4.60E-03,-2.28E-03,-8.66E-03,-1.75E-02,-6.38E-04,-6.33E-04,-3.77E-04,-9.21E-03,-8.09E-03,-1.37E-03,-2.63E-03,-3.20E-03,-1.03E-03,-1.07E-02,-1.10E-03,-1.10E-02,-7.32E-03,-9.08E-04,-1.88E-03,-4.33E-03,-6.40E-03,-2.94E-03,-3.14E-04,-1.34E-02,-4.57E-04,-9.53E-03,-7.92E-04,-1.20E-03,-1.22E-03,-7.56E-03,-4.46E-04,-1.10E-03,-1.50E-03,-5.00E-04,-2.96E-03,-3.11E-03,-1.80E-03,-7.79E-03,-7.55E-04,-3.31E-03,-3.25E-04,-8.14E-03,-3.96E-03,-7.05E-04,-1.03E-03,Simulation Eccentric Stiffness (3) fails.,-4.33E-04,-5.50E-04,-1.36E-02,-9.13E-03,-3.60E-03,-1.87E-03,-1.67E-02,-7.35E-03,-4.66E-03,-4.98E-03,-9.21E-04,-9.55E-03,-1.14E-03,-2.33E-03,-3.58E-03,-1.48E-03,-4.84E-03,-9.93E-04,-1.02E-02,-2.02E-03,-4.55E-03,-4.24E-03,-7.40E-03,-3.50E-03,-1.75E-03,-6.35E-04,-1.01E-03,-8.09E-03,-1.14E-02,,,,,,,,,,,,,,,,,,,,,,,,,,,,,,,,,,,,,,,,,,,,,,,,,,,,,,,,,,,,,,
